{"cameraMode":{"drawMode":0,"name":"Shaded","section":"Shading Mode"},"sceneLighting":true,"audioPlay":false,"sceneViewState":{"showFog":true,"showMaterialUpdate":false,"showSkybox":true,"showFlares":true,"showImageEffects":true,"showParticleSystems":true},"in2DMode":false,"pivot":{"x":-1.4900000095367432,"y":1.3799999952316285,"z":3.640000104904175},"rotation":{"x":-0.08601200580596924,"y":-0.8669044971466065,"z":0.16071613132953645,"w":-0.46394920349121096},"size":15.585565567016602,"orthographic":false}