{"cameraMode":{"drawMode":0,"name":"Shaded","section":"Shading Mode"},"sceneLighting":true,"audioPlay":false,"sceneViewState":{"showFog":true,"showMaterialUpdate":false,"showSkybox":true,"showFlares":true,"showImageEffects":true,"showParticleSystems":true},"in2DMode":false,"pivot":{"x":-9.072688102722168,"y":1.8506358861923218,"z":-15.118011474609375},"rotation":{"x":0.014686590060591698,"y":0.2025655210018158,"z":-0.003039844334125519,"w":0.9791538715362549},"size":4.872067451477051,"orthographic":true}